ticker,vb_k,stoploss_pct,trailing_activate_pct,trailing_stop_pct,return_pct,win_rate,trades,mdd_pct,profit_factor,sharpe,score
KODEX200,0.3,1.5,2.0,0.5,76.3,66.3,104,10.46,2.13,1.84,55.62
KODEX코스닥150,0.3,1.5,2.0,0.5,21.35,55.0,80,7.76,1.37,0.63,48.6
삼성전자,0.3,1.5,2.0,0.5,70.97,61.4,83,7.8,2.18,1.44,57.49
KODEX200,0.3,1.5,2.0,1.0,75.56,66.7,99,10.42,2.16,1.86,55.71
KODEX코스닥150,0.3,1.5,2.0,1.0,19.56,55.4,74,9.44,1.37,0.59,47.73
삼성전자,0.3,1.5,2.0,1.0,61.19,58.0,81,8.54,2.02,1.27,54.89
KODEX200,0.3,1.5,2.0,1.5,74.48,66.0,97,10.42,2.14,1.84,55.6
KODEX코스닥150,0.3,1.5,2.0,1.5,18.59,55.4,74,9.41,1.35,0.57,47.6
삼성전자,0.3,1.5,2.0,1.5,54.98,57.7,78,9.27,1.98,1.23,53.58
KODEX200,0.3,1.5,2.5,0.5,84.74,64.0,100,10.39,2.2,1.93,56.57
KODEX코스닥150,0.3,1.5,2.5,0.5,14.8,48.6,74,13.66,1.25,0.46,42.44
삼성전자,0.3,1.5,2.5,0.5,79.66,60.0,75,7.82,2.35,1.54,59.38
KODEX200,0.3,1.5,2.5,1.0,80.02,64.2,95,10.39,2.18,1.92,56.35
KODEX코스닥150,0.3,1.5,2.5,1.0,13.46,49.3,69,14.15,1.25,0.42,42.5
삼성전자,0.3,1.5,2.5,1.0,71.99,58.1,74,8.15,2.21,1.43,57.63
KODEX200,0.3,1.5,2.5,1.5,78.57,63.8,94,10.39,2.16,1.9,56.14
KODEX코스닥150,0.3,1.5,2.5,1.5,12.43,49.3,69,14.14,1.23,0.4,42.34
삼성전자,0.3,1.5,2.5,1.5,63.62,58.3,72,8.15,2.13,1.36,56.53
KODEX200,0.3,1.5,3.0,0.5,95.36,63.6,99,10.46,2.33,2.07,58.23
KODEX코스닥150,0.3,1.5,3.0,0.5,19.66,47.8,69,10.63,1.35,0.58,45.83
삼성전자,0.3,1.5,3.0,0.5,82.34,59.5,74,7.82,2.38,1.57,59.81
KODEX200,0.3,1.5,3.0,1.0,96.33,64.9,97,10.41,2.38,2.17,58.89
KODEX코스닥150,0.3,1.5,3.0,1.0,16.49,47.0,66,11.52,1.3,0.5,44.8
삼성전자,0.3,1.5,3.0,1.0,77.2,57.5,73,8.15,2.27,1.47,58.44
KODEX200,0.3,1.5,3.0,1.5,95.79,64.6,96,10.41,2.37,2.16,58.84
KODEX코스닥150,0.3,1.5,3.0,1.5,15.51,47.0,66,11.57,1.28,0.48,44.6
삼성전자,0.3,1.5,3.0,1.5,72.11,58.6,70,8.15,2.28,1.49,58.15
KODEX200,0.3,2.0,2.0,0.5,89.92,76.1,92,7.96,2.43,2.01,62.44
KODEX코스닥150,0.3,2.0,2.0,0.5,22.99,62.2,74,8.42,1.38,0.65,50.4
삼성전자,0.3,2.0,2.0,0.5,76.17,67.5,83,11.35,2.2,1.48,56.87
KODEX200,0.3,2.0,2.0,1.0,99.55,78.4,88,8.04,2.75,2.21,64.78
KODEX코스닥150,0.3,2.0,2.0,1.0,16.76,61.4,70,8.41,1.29,0.51,49.65
삼성전자,0.3,2.0,2.0,1.0,62.08,64.2,81,13.64,1.97,1.26,52.44
KODEX200,0.3,2.0,2.0,1.5,98.77,77.9,86,8.04,2.74,2.19,64.75
KODEX코스닥150,0.3,2.0,2.0,1.5,18.69,62.3,69,8.45,1.33,0.56,50.21
삼성전자,0.3,2.0,2.0,1.5,57.4,64.1,78,14.25,1.95,1.24,51.52
KODEX200,0.3,2.0,2.5,0.5,122.83,77.8,90,7.5,2.96,2.43,68.59
KODEX코스닥150,0.3,2.0,2.5,0.5,20.47,56.9,65,9.95,1.34,0.58,48.69
삼성전자,0.3,2.0,2.5,0.5,79.23,65.3,75,10.66,2.25,1.52,58.24
KODEX200,0.3,2.0,2.5,1.0,136.59,81.2,85,7.5,3.55,2.72,71.97
KODEX코스닥150,0.3,2.0,2.5,1.0,15.77,57.1,63,10.95,1.28,0.47,47.43
삼성전자,0.3,2.0,2.5,1.0,66.59,63.5,74,11.87,2.03,1.33,55.05
KODEX200,0.3,2.0,2.5,1.5,136.33,81.0,84,7.5,3.54,2.71,71.99
KODEX코스닥150,0.3,2.0,2.5,1.5,17.5,58.1,62,11.0,1.31,0.52,47.97
삼성전자,0.3,2.0,2.5,1.5,60.09,63.9,72,12.1,1.99,1.29,54.12
KODEX200,0.3,2.0,3.0,0.5,129.04,75.9,83,7.9,3.02,2.47,69.6
KODEX코스닥150,0.3,2.0,3.0,0.5,24.3,55.0,60,10.14,1.41,0.66,49.28
삼성전자,0.3,2.0,3.0,0.5,73.1,63.0,73,10.91,2.14,1.43,56.81
KODEX200,0.3,2.0,3.0,1.0,134.42,78.5,79,7.88,3.34,2.65,71.4
KODEX코스닥150,0.3,2.0,3.0,1.0,25.06,56.1,57,9.94,1.45,0.69,50.07
삼성전자,0.3,2.0,3.0,1.0,65.04,61.1,72,11.82,1.99,1.29,54.56
KODEX200,0.3,2.0,3.0,1.5,134.3,78.2,78,7.88,3.33,2.64,71.42
KODEX코스닥150,0.3,2.0,3.0,1.5,23.44,56.1,57,9.92,1.42,0.65,49.83
삼성전자,0.3,2.0,3.0,1.5,64.29,62.3,69,12.04,2.06,1.33,54.82
KODEX200,0.3,2.5,2.0,0.5,74.69,75.8,91,9.37,2.04,1.71,58.98
KODEX코스닥150,0.3,2.5,2.0,0.5,21.32,66.7,72,10.04,1.34,0.6,50.02
삼성전자,0.3,2.5,2.0,0.5,56.81,67.1,85,15.51,1.75,1.15,50.38
KODEX200,0.3,2.5,2.0,1.0,88.26,78.4,88,9.38,2.35,1.98,61.97
KODEX코스닥150,0.3,2.5,2.0,1.0,10.85,64.7,68,14.29,1.18,0.36,45.16
삼성전자,0.3,2.5,2.0,1.0,43.44,63.9,83,17.6,1.57,0.94,46.23
KODEX200,0.3,2.5,2.0,1.5,87.23,77.9,86,9.38,2.34,1.96,61.9
KODEX코스닥150,0.3,2.5,2.0,1.5,12.86,65.7,67,12.45,1.22,0.41,47.16
삼성전자,0.3,2.5,2.0,1.5,39.43,63.7,80,18.16,1.55,0.9,45.43
KODEX200,0.3,2.5,2.5,0.5,108.03,77.5,89,8.33,2.51,2.17,65.64
KODEX코스닥150,0.3,2.5,2.5,0.5,18.88,61.9,63,14.08,1.3,0.53,46.54
삼성전자,0.3,2.5,2.5,0.5,58.22,64.9,77,14.54,1.76,1.17,51.69
KODEX200,0.3,2.5,2.5,1.0,124.74,81.2,85,8.38,3.02,2.5,69.41
KODEX코스닥150,0.3,2.5,2.5,1.0,10.23,60.7,61,16.17,1.17,0.33,43.55
삼성전자,0.3,2.5,2.5,1.0,46.42,63.2,76,16.07,1.61,0.99,48.41
KODEX200,0.3,2.5,2.5,1.5,124.23,81.0,84,8.38,3.01,2.5,69.39
KODEX코스닥150,0.3,2.5,2.5,1.5,12.19,61.7,60,16.15,1.21,0.38,44.18
삼성전자,0.3,2.5,2.5,1.5,44.2,63.5,74,16.28,1.61,0.98,48.16
KODEX200,0.3,2.5,3.0,0.5,112.8,75.6,82,8.73,2.55,2.22,66.42
KODEX코스닥150,0.3,2.5,3.0,0.5,22.91,60.3,58,13.26,1.37,0.62,47.98
삼성전자,0.3,2.5,3.0,0.5,60.31,64.4,73,15.14,1.84,1.21,51.87
KODEX200,0.3,2.5,3.0,1.0,117.86,78.2,78,8.73,2.78,2.39,68.15
KODEX코스닥150,0.3,2.5,3.0,1.0,19.96,60.0,55,12.92,1.34,0.56,48.0
삼성전자,0.3,2.5,3.0,1.0,55.56,62.5,72,16.61,1.78,1.12,49.73
KODEX200,0.3,2.5,3.0,1.5,117.49,77.9,77,8.73,2.78,2.38,68.13
KODEX코스닥150,0.3,2.5,3.0,1.5,18.15,60.0,55,12.92,1.31,0.52,47.71
삼성전자,0.3,2.5,3.0,1.5,53.39,63.8,69,16.82,1.8,1.13,49.79
KODEX200,0.3,3.0,2.0,0.5,91.42,80.0,90,8.45,2.41,1.94,63.29
KODEX코스닥150,0.3,3.0,2.0,0.5,16.29,67.7,65,12.75,1.25,0.47,48.08
삼성전자,0.3,3.0,2.0,0.5,57.79,70.4,81,15.0,1.76,1.13,51.98
KODEX200,0.3,3.0,2.0,1.0,98.83,81.6,87,8.47,2.65,2.09,65.08
KODEX코스닥150,0.3,3.0,2.0,1.0,7.52,66.7,63,15.36,1.12,0.27,44.72
삼성전자,0.3,3.0,2.0,1.0,46.09,67.1,79,16.73,1.61,0.95,48.35
KODEX200,0.3,3.0,2.0,1.5,97.77,81.2,85,8.47,2.63,2.08,65.03
KODEX코스닥150,0.3,3.0,2.0,1.5,8.2,67.7,65,15.36,1.13,0.28,44.83
삼성전자,0.3,3.0,2.0,1.5,36.67,66.2,77,17.12,1.49,0.82,46.57
KODEX200,0.3,3.0,2.5,0.5,116.13,79.8,89,8.51,2.65,2.23,67.26
KODEX코스닥150,0.3,3.0,2.5,0.5,13.94,63.9,61,17.26,1.21,0.41,43.97
삼성전자,0.3,3.0,2.5,0.5,63.51,68.5,73,14.57,1.82,1.2,53.63
KODEX200,0.3,3.0,2.5,1.0,126.74,82.4,85,8.5,3.01,2.47,69.88
KODEX코스닥150,0.3,3.0,2.5,1.0,5.73,62.7,59,19.21,1.09,0.22,41.15
삼성전자,0.3,3.0,2.5,1.0,52.28,66.7,72,16.03,1.69,1.05,50.48
KODEX200,0.3,3.0,2.5,1.5,124.81,82.1,84,8.5,2.98,2.45,69.61
KODEX코스닥150,0.3,3.0,2.5,1.5,4.54,62.7,59,19.18,1.07,0.19,40.98
삼성전자,0.3,3.0,2.5,1.5,47.78,67.1,70,16.24,1.66,1.02,49.88
KODEX200,0.3,3.0,3.0,0.5,121.47,78.0,82,8.93,2.71,2.28,68.14
KODEX코스닥150,0.3,3.0,3.0,0.5,18.13,62.5,56,15.95,1.28,0.5,45.84
삼성전자,0.3,3.0,3.0,0.5,68.77,69.0,71,14.84,1.92,1.29,54.57
KODEX200,0.3,3.0,3.0,1.0,128.34,80.8,78,8.93,3.02,2.47,70.2
KODEX코스닥150,0.3,3.0,3.0,1.0,12.11,61.1,54,15.62,1.19,0.37,45.04
삼성전자,0.3,3.0,3.0,1.0,60.52,67.1,70,16.2,1.79,1.15,51.95
KODEX200,0.3,3.0,3.0,1.5,128.12,80.5,77,8.93,3.01,2.47,70.2
KODEX코스닥150,0.3,3.0,3.0,1.5,10.34,61.1,54,15.63,1.16,0.33,44.75
삼성전자,0.3,3.0,3.0,1.5,61.44,68.7,67,16.41,1.88,1.22,52.56
KODEX200,0.5,1.5,2.0,0.5,61.47,66.3,98,9.75,2.03,1.63,53.98
KODEX코스닥150,0.5,1.5,2.0,0.5,14.52,50.7,67,13.27,1.29,0.48,43.81
삼성전자,0.5,1.5,2.0,0.5,70.97,61.4,83,7.8,2.18,1.44,57.49
KODEX200,0.5,1.5,2.0,1.0,63.71,68.4,95,9.76,2.16,1.71,55.05
KODEX코스닥150,0.5,1.5,2.0,1.0,8.77,49.2,65,15.16,1.18,0.32,41.37
삼성전자,0.5,1.5,2.0,1.0,61.19,58.0,81,8.54,2.02,1.27,54.89
KODEX200,0.5,1.5,2.0,1.5,63.01,67.0,94,9.76,2.1,1.72,54.76
KODEX코스닥150,0.5,1.5,2.0,1.5,8.0,49.2,65,15.17,1.16,0.3,41.24
삼성전자,0.5,1.5,2.0,1.5,54.98,57.7,78,9.27,1.98,1.23,53.58
KODEX200,0.5,1.5,2.5,0.5,60.87,61.5,91,9.74,1.94,1.55,53.63
KODEX코스닥150,0.5,1.5,2.5,0.5,16.49,50.0,66,13.27,1.33,0.53,44.09
삼성전자,0.5,1.5,2.5,0.5,79.66,60.0,75,7.82,2.35,1.54,59.38
KODEX200,0.5,1.5,2.5,1.0,58.66,63.1,84,9.77,2.02,1.56,54.28
KODEX코스닥150,0.5,1.5,2.5,1.0,10.8,48.4,64,14.53,1.22,0.38,42.11
삼성전자,0.5,1.5,2.5,1.0,71.99,58.1,74,8.15,2.21,1.43,57.63
KODEX200,0.5,1.5,2.5,1.5,59.23,62.7,83,9.77,2.03,1.56,54.39
KODEX코스닥150,0.5,1.5,2.5,1.5,9.88,48.4,64,14.5,1.2,0.35,41.99
삼성전자,0.5,1.5,2.5,1.5,63.62,58.3,72,8.15,2.13,1.36,56.53
KODEX200,0.5,1.5,3.0,0.5,63.98,61.2,85,9.64,2.05,1.59,54.75
KODEX코스닥150,0.5,1.5,3.0,0.5,23.43,51.6,62,8.67,1.47,0.69,49.37
삼성전자,0.5,1.5,3.0,0.5,82.34,59.5,74,7.82,2.38,1.57,59.81
KODEX200,0.5,1.5,3.0,1.0,60.56,61.7,81,9.68,2.04,1.56,54.67
KODEX코스닥150,0.5,1.5,3.0,1.0,17.48,50.0,60,8.61,1.36,0.55,48.34
삼성전자,0.5,1.5,3.0,1.0,77.2,57.5,73,8.15,2.27,1.47,58.44
KODEX200,0.5,1.5,3.0,1.5,61.78,61.3,80,9.68,2.06,1.57,54.88
KODEX코스닥150,0.5,1.5,3.0,1.5,16.57,50.0,60,8.63,1.34,0.52,48.18
삼성전자,0.5,1.5,3.0,1.5,72.11,58.6,70,8.15,2.28,1.49,58.15
KODEX200,0.5,2.0,2.0,0.5,91.62,76.1,88,8.64,2.62,2.06,62.6
KODEX코스닥150,0.5,2.0,2.0,0.5,9.28,54.8,62,13.64,1.17,0.32,44.01
삼성전자,0.5,2.0,2.0,0.5,76.17,67.5,83,11.35,2.2,1.48,56.87
KODEX200,0.5,2.0,2.0,1.0,90.9,77.6,85,8.57,2.75,2.11,63.14
KODEX코스닥150,0.5,2.0,2.0,1.0,3.64,53.3,60,16.0,1.07,0.17,41.24
삼성전자,0.5,2.0,2.0,1.0,62.08,64.2,81,13.64,1.97,1.26,52.44
KODEX200,0.5,2.0,2.0,1.5,88.98,76.2,84,8.57,2.6,2.09,62.65
KODEX코스닥150,0.5,2.0,2.0,1.5,2.78,53.3,60,16.02,1.05,0.15,41.09
삼성전자,0.5,2.0,2.0,1.5,57.4,64.1,78,14.25,1.95,1.24,51.52
KODEX200,0.5,2.0,2.5,0.5,89.65,72.9,85,8.66,2.38,1.99,61.93
KODEX코스닥150,0.5,2.0,2.5,0.5,10.91,54.1,61,14.66,1.19,0.37,43.47
삼성전자,0.5,2.0,2.5,0.5,79.23,65.3,75,10.66,2.25,1.52,58.24
KODEX200,0.5,2.0,2.5,1.0,86.42,74.7,79,8.64,2.5,2.01,62.39
KODEX코스닥150,0.5,2.0,2.5,1.0,5.7,52.5,59,15.36,1.1,0.23,41.99
삼성전자,0.5,2.0,2.5,1.0,66.59,63.5,74,11.87,2.03,1.33,55.05
KODEX200,0.5,2.0,2.5,1.5,87.45,74.4,78,8.64,2.51,2.01,62.59
KODEX코스닥150,0.5,2.0,2.5,1.5,4.77,52.5,59,15.35,1.09,0.2,41.85
삼성전자,0.5,2.0,2.5,1.5,60.09,63.9,72,12.1,1.99,1.29,54.12
KODEX200,0.5,2.0,3.0,0.5,95.31,72.8,81,8.56,2.49,2.06,63.29
KODEX코스닥150,0.5,2.0,3.0,0.5,14.3,54.2,59,10.47,1.25,0.45,47.38
삼성전자,0.5,2.0,3.0,0.5,73.1,63.0,73,10.91,2.14,1.43,56.81
KODEX200,0.5,2.0,3.0,1.0,85.46,72.7,77,8.68,2.44,1.96,62.0
KODEX코스닥150,0.5,2.0,3.0,1.0,8.71,52.6,57,10.57,1.15,0.31,46.29
삼성전자,0.5,2.0,3.0,1.0,65.04,61.1,72,11.82,1.99,1.29,54.56
KODEX200,0.5,2.0,3.0,1.5,85.85,72.4,76,8.68,2.44,1.96,62.11
KODEX코스닥150,0.5,2.0,3.0,1.5,7.92,52.6,57,10.58,1.14,0.29,46.15
삼성전자,0.5,2.0,3.0,1.5,64.29,62.3,69,12.04,2.06,1.33,54.82
KODEX200,0.5,2.5,2.0,0.5,109.68,82.4,85,6.6,3.19,2.28,68.58
KODEX코스닥150,0.5,2.5,2.0,0.5,12.11,61.0,59,10.48,1.2,0.39,48.38
삼성전자,0.5,2.5,2.0,0.5,56.81,67.1,85,15.51,1.75,1.15,50.38
KODEX200,0.5,2.5,2.0,1.0,109.17,84.1,82,6.61,3.48,2.34,69.13
KODEX코스닥150,0.5,2.5,2.0,1.0,4.81,59.6,57,14.3,1.08,0.2,44.26
삼성전자,0.5,2.5,2.0,1.0,43.44,63.9,83,17.6,1.57,0.94,46.23
KODEX200,0.5,2.5,2.0,1.5,105.27,81.5,81,6.61,3.13,2.29,68.09
KODEX코스닥150,0.5,2.5,2.0,1.5,3.72,59.6,57,14.31,1.06,0.17,44.08
삼성전자,0.5,2.5,2.0,1.5,39.43,63.7,80,18.16,1.55,0.9,45.43
KODEX200,0.5,2.5,2.5,0.5,103.4,77.8,81,6.37,2.68,2.14,67.23
KODEX코스닥150,0.5,2.5,2.5,0.5,8.84,58.6,58,13.36,1.14,0.31,45.31
삼성전자,0.5,2.5,2.5,0.5,58.22,64.9,77,14.54,1.76,1.17,51.69
KODEX200,0.5,2.5,2.5,1.0,102.56,80.0,75,6.39,2.92,2.19,68.12
KODEX코스닥150,0.5,2.5,2.5,1.0,7.16,58.9,56,13.54,1.12,0.26,45.17
삼성전자,0.5,2.5,2.5,1.0,46.42,63.2,76,16.07,1.61,0.99,48.41
KODEX200,0.5,2.5,2.5,1.5,102.9,79.7,74,6.39,2.91,2.19,68.21
KODEX코스닥150,0.5,2.5,2.5,1.5,5.8,58.9,56,13.56,1.1,0.23,44.94
삼성전자,0.5,2.5,2.5,1.5,44.2,63.5,74,16.28,1.61,0.98,48.16
KODEX200,0.5,2.5,3.0,0.5,110.39,77.9,77,6.46,2.8,2.2,68.7
KODEX코스닥150,0.5,2.5,3.0,0.5,15.99,60.0,55,12.25,1.26,0.48,47.87
삼성전자,0.5,2.5,3.0,0.5,60.31,64.4,73,15.14,1.84,1.21,51.87
KODEX200,0.5,2.5,3.0,1.0,99.74,78.1,73,6.35,2.79,2.11,67.52
KODEX코스닥150,0.5,2.5,3.0,1.0,13.09,59.6,52,12.47,1.22,0.41,47.46
삼성전자,0.5,2.5,3.0,1.0,55.56,62.5,72,16.61,1.78,1.12,49.73
KODEX200,0.5,2.5,3.0,1.5,101.03,77.8,72,6.35,2.81,2.13,67.76
KODEX코스닥150,0.5,2.5,3.0,1.5,11.82,59.6,52,12.97,1.2,0.38,46.88
삼성전자,0.5,2.5,3.0,1.5,53.39,63.8,69,16.82,1.8,1.13,49.79
KODEX200,0.5,3.0,2.0,0.5,103.75,82.4,85,6.8,2.9,2.17,67.48
KODEX코스닥150,0.5,3.0,2.0,0.5,8.97,63.8,58,13.36,1.14,0.31,46.38
삼성전자,0.5,3.0,2.0,0.5,57.79,70.4,81,15.0,1.76,1.13,51.98
KODEX200,0.5,3.0,2.0,1.0,104.47,84.1,82,6.81,3.16,2.24,68.23
KODEX코스닥150,0.5,3.0,2.0,1.0,1.33,62.5,56,17.39,1.02,0.11,42.07
삼성전자,0.5,3.0,2.0,1.0,46.09,67.1,79,16.73,1.61,0.95,48.35
KODEX200,0.5,3.0,2.0,1.5,99.74,81.5,81,6.81,2.84,2.18,67.05
KODEX코스닥150,0.5,3.0,2.0,1.5,-0.33,62.5,56,17.41,0.99,0.06,41.79
삼성전자,0.5,3.0,2.0,1.5,36.67,66.2,77,17.12,1.49,0.82,46.57
KODEX200,0.5,3.0,2.5,0.5,94.01,77.8,81,6.58,2.39,1.98,65.57
KODEX코스닥150,0.5,3.0,2.5,0.5,5.29,61.4,57,16.45,1.08,0.21,43.09
삼성전자,0.5,3.0,2.5,0.5,63.51,68.5,73,14.57,1.82,1.2,53.63
KODEX200,0.5,3.0,2.5,1.0,94.24,80.0,75,6.58,2.58,2.04,66.64
KODEX코스닥150,0.5,3.0,2.5,1.0,3.58,61.8,55,16.6,1.06,0.17,42.98
삼성전자,0.5,3.0,2.5,1.0,52.28,66.7,72,16.03,1.69,1.05,50.48
KODEX200,0.5,3.0,2.5,1.5,95.48,79.7,74,6.58,2.6,2.04,66.88
KODEX코스닥150,0.5,3.0,2.5,1.5,1.86,61.8,55,16.58,1.03,0.12,42.72
삼성전자,0.5,3.0,2.5,1.5,47.78,67.1,70,16.24,1.66,1.02,49.88
KODEX200,0.5,3.0,3.0,0.5,101.31,77.9,77,6.65,2.51,2.05,67.1
KODEX코스닥150,0.5,3.0,3.0,0.5,8.42,61.1,54,11.95,1.13,0.29,47.2
삼성전자,0.5,3.0,3.0,0.5,68.77,69.0,71,14.84,1.92,1.29,54.57
KODEX200,0.5,3.0,3.0,1.0,92.23,78.1,73,6.62,2.5,1.98,66.11
KODEX코스닥150,0.5,3.0,3.0,1.0,6.53,60.8,51,12.39,1.1,0.24,46.81
삼성전자,0.5,3.0,3.0,1.0,60.52,67.1,70,16.2,1.79,1.15,51.95
KODEX200,0.5,3.0,3.0,1.5,92.89,77.8,72,6.56,2.51,1.99,66.3
KODEX코스닥150,0.5,3.0,3.0,1.5,4.95,60.8,51,12.94,1.08,0.2,46.15
삼성전자,0.5,3.0,3.0,1.5,61.44,68.7,67,16.41,1.88,1.22,52.56
KODEX200,0.7,1.5,2.0,0.5,68.56,70.4,81,8.59,2.56,1.9,58.51
KODEX코스닥150,0.7,1.5,2.0,0.5,32.81,62.3,53,8.23,2.02,1.08,54.24
삼성전자,0.7,1.5,2.0,0.5,70.97,61.4,83,7.8,2.18,1.44,57.49
KODEX200,0.7,1.5,2.0,1.0,55.73,68.4,79,8.63,2.23,1.66,56.22
KODEX코스닥150,0.7,1.5,2.0,1.0,28.85,62.0,50,9.03,1.95,0.97,53.24
삼성전자,0.7,1.5,2.0,1.0,61.19,58.0,81,8.54,2.02,1.27,54.89
KODEX200,0.7,1.5,2.0,1.5,58.6,67.9,78,8.63,2.29,1.7,56.68
KODEX코스닥150,0.7,1.5,2.0,1.5,27.56,62.0,50,9.03,1.91,0.94,53.04
삼성전자,0.7,1.5,2.0,1.5,54.98,57.7,78,9.27,1.98,1.23,53.58
KODEX200,0.7,1.5,2.5,0.5,59.63,64.9,74,8.57,2.26,1.62,56.69
KODEX코스닥150,0.7,1.5,2.5,0.5,40.95,63.3,49,6.66,2.28,1.25,57.32
삼성전자,0.7,1.5,2.5,0.5,79.66,60.0,75,7.82,2.35,1.54,59.38
KODEX200,0.7,1.5,2.5,1.0,48.71,63.9,72,8.74,2.03,1.42,54.82
KODEX코스닥150,0.7,1.5,2.5,1.0,34.37,61.7,47,7.53,2.1,1.09,55.49
삼성전자,0.7,1.5,2.5,1.0,71.99,58.1,74,8.15,2.21,1.43,57.63
KODEX200,0.7,1.5,2.5,1.5,50.94,63.4,71,8.74,2.08,1.47,55.18
KODEX코스닥150,0.7,1.5,2.5,1.5,33.21,61.7,47,7.53,2.06,1.05,55.31
삼성전자,0.7,1.5,2.5,1.5,63.62,58.3,72,8.15,2.13,1.36,56.53
KODEX200,0.7,1.5,3.0,0.5,46.42,61.4,70,8.67,1.95,1.35,54.2
KODEX코스닥150,0.7,1.5,3.0,0.5,44.94,64.6,48,6.17,2.45,1.35,58.68
삼성전자,0.7,1.5,3.0,0.5,82.34,59.5,74,7.82,2.38,1.57,59.81
KODEX200,0.7,1.5,3.0,1.0,42.91,60.9,69,8.63,1.88,1.26,53.67
KODEX코스닥150,0.7,1.5,3.0,1.0,38.19,63.0,46,6.69,2.26,1.18,57.09
삼성전자,0.7,1.5,3.0,1.0,77.2,57.5,73,8.15,2.27,1.47,58.44
KODEX200,0.7,1.5,3.0,1.5,45.26,60.3,68,8.63,1.92,1.31,54.03
KODEX코스닥150,0.7,1.5,3.0,1.5,37.03,63.0,46,6.7,2.23,1.15,56.9
삼성전자,0.7,1.5,3.0,1.5,72.11,58.6,70,8.15,2.28,1.49,58.15
KODEX200,0.7,2.0,2.0,0.5,75.69,77.3,75,8.13,2.7,2.0,61.97
KODEX코스닥150,0.7,2.0,2.0,0.5,24.04,63.5,52,10.47,1.62,0.81,51.49
삼성전자,0.7,2.0,2.0,0.5,76.17,67.5,83,11.35,2.2,1.48,56.87
KODEX200,0.7,2.0,2.0,1.0,61.97,75.3,73,8.2,2.35,1.75,59.53
KODEX코스닥150,0.7,2.0,2.0,1.0,21.58,63.3,49,10.87,1.58,0.74,51.06
삼성전자,0.7,2.0,2.0,1.0,62.08,64.2,81,13.64,1.97,1.26,52.44
KODEX200,0.7,2.0,2.0,1.5,64.42,75.0,72,8.2,2.4,1.78,59.96
KODEX코스닥150,0.7,2.0,2.0,1.5,20.27,63.3,49,10.88,1.55,0.71,50.84
삼성전자,0.7,2.0,2.0,1.5,57.4,64.1,78,14.25,1.95,1.24,51.52
KODEX200,0.7,2.0,2.5,0.5,68.27,72.9,70,8.15,2.38,1.78,60.39
KODEX코스닥150,0.7,2.0,2.5,0.5,31.68,64.6,48,9.32,1.82,0.99,54.2
삼성전자,0.7,2.0,2.5,0.5,79.23,65.3,75,10.66,2.25,1.52,58.24
KODEX200,0.7,2.0,2.5,1.0,52.98,71.0,69,8.09,2.05,1.51,57.71
KODEX코스닥150,0.7,2.0,2.5,1.0,26.61,63.0,46,9.75,1.7,0.86,52.95
삼성전자,0.7,2.0,2.5,1.0,66.59,63.5,74,11.87,2.03,1.33,55.05
KODEX200,0.7,2.0,2.5,1.5,54.86,70.6,68,8.09,2.08,1.54,58.03
KODEX코스닥150,0.7,2.0,2.5,1.5,25.65,63.0,46,9.72,1.67,0.83,52.81
삼성전자,0.7,2.0,2.5,1.5,60.09,63.9,72,12.1,1.99,1.29,54.12
KODEX200,0.7,2.0,3.0,0.5,51.75,68.7,67,9.83,1.99,1.44,55.95
KODEX코스닥150,0.7,2.0,3.0,0.5,33.17,64.6,48,9.23,1.85,1.02,54.5
삼성전자,0.7,2.0,3.0,0.5,73.1,63.0,73,10.91,2.14,1.43,56.81
KODEX200,0.7,2.0,3.0,1.0,47.97,68.2,66,9.85,1.91,1.34,55.33
KODEX코스닥150,0.7,2.0,3.0,1.0,27.94,63.0,46,9.81,1.73,0.89,53.11
삼성전자,0.7,2.0,3.0,1.0,65.04,61.1,72,11.82,1.99,1.29,54.56
KODEX200,0.7,2.0,3.0,1.5,50.31,67.7,65,9.85,1.95,1.39,55.7
KODEX코스닥150,0.7,2.0,3.0,1.5,26.6,63.0,46,9.79,1.7,0.85,52.91
삼성전자,0.7,2.0,3.0,1.5,64.29,62.3,69,12.04,2.06,1.33,54.82
KODEX200,0.7,2.5,2.0,0.5,81.62,80.8,73,7.19,2.89,2.05,64.53
KODEX코스닥150,0.7,2.5,2.0,0.5,18.93,66.0,50,11.79,1.44,0.64,50.39
삼성전자,0.7,2.5,2.0,0.5,56.81,67.1,85,15.51,1.75,1.15,50.38
KODEX200,0.7,2.5,2.0,1.0,68.22,78.9,71,7.18,2.52,1.81,62.21
KODEX코스닥150,0.7,2.5,2.0,1.0,16.93,66.0,47,10.87,1.42,0.59,51.06
삼성전자,0.7,2.5,2.0,1.0,43.44,63.9,83,17.6,1.57,0.94,46.23
KODEX200,0.7,2.5,2.0,1.5,70.71,78.6,70,7.18,2.58,1.86,62.65
KODEX코스닥150,0.7,2.5,2.0,1.5,15.96,66.0,47,10.87,1.4,0.56,50.9
삼성전자,0.7,2.5,2.0,1.5,39.43,63.7,80,18.16,1.55,0.9,45.43
KODEX200,0.7,2.5,2.5,0.5,78.59,77.3,66,8.33,2.72,1.89,63.19
KODEX코스닥150,0.7,2.5,2.5,0.5,27.34,67.4,46,9.18,1.65,0.84,54.37
삼성전자,0.7,2.5,2.5,0.5,58.22,64.9,77,14.54,1.76,1.17,51.69
KODEX200,0.7,2.5,2.5,1.0,64.49,75.4,65,8.21,2.36,1.66,60.74
KODEX코스닥150,0.7,2.5,2.5,1.0,22.02,65.9,44,9.69,1.53,0.71,53.04
삼성전자,0.7,2.5,2.5,1.0,46.42,63.2,76,16.07,1.61,0.99,48.41
KODEX200,0.7,2.5,2.5,1.5,67.75,75.0,64,8.21,2.43,1.71,61.28
KODEX코스닥150,0.7,2.5,2.5,1.5,21.11,65.9,44,9.7,1.51,0.68,52.88
삼성전자,0.7,2.5,2.5,1.5,44.2,63.5,74,16.28,1.61,0.98,48.16
KODEX200,0.7,2.5,3.0,0.5,76.51,75.4,65,8.2,2.6,1.83,62.67
KODEX코스닥150,0.7,2.5,3.0,0.5,28.77,67.4,46,9.2,1.68,0.88,54.58
삼성전자,0.7,2.5,3.0,0.5,60.31,64.4,73,15.14,1.84,1.21,51.87
KODEX200,0.7,2.5,3.0,1.0,65.24,74.6,63,8.28,2.36,1.65,60.85
KODEX코스닥150,0.7,2.5,3.0,1.0,23.63,65.9,44,9.6,1.57,0.75,53.36
삼성전자,0.7,2.5,3.0,1.0,55.56,62.5,72,16.61,1.78,1.12,49.73
KODEX200,0.7,2.5,3.0,1.5,68.5,74.2,62,8.28,2.43,1.69,61.39
KODEX코스닥150,0.7,2.5,3.0,1.5,22.57,65.9,44,9.61,1.54,0.72,53.18
삼성전자,0.7,2.5,3.0,1.5,53.39,63.8,69,16.82,1.8,1.13,49.79
KODEX200,0.7,3.0,2.0,0.5,83.16,82.2,73,7.99,2.89,2.05,64.45
KODEX코스닥150,0.7,3.0,2.0,0.5,29.25,72.9,48,11.37,1.71,0.9,53.93
삼성전자,0.7,3.0,2.0,0.5,57.79,70.4,81,15.0,1.76,1.13,51.98
KODEX200,0.7,3.0,2.0,1.0,69.08,80.3,71,8.15,2.52,1.81,61.9
KODEX코스닥150,0.7,3.0,2.0,1.0,25.12,73.3,45,9.07,1.66,0.81,55.38
삼성전자,0.7,3.0,2.0,1.0,46.09,67.1,79,16.73,1.61,0.95,48.35
KODEX200,0.7,3.0,2.0,1.5,71.4,80.0,70,8.15,2.58,1.85,62.31
KODEX코스닥150,0.7,3.0,2.0,1.5,23.48,73.3,45,9.15,1.62,0.76,55.05
삼성전자,0.7,3.0,2.0,1.5,36.67,66.2,77,17.12,1.49,0.82,46.57
KODEX200,0.7,3.0,2.5,0.5,80.27,78.8,66,9.29,2.75,1.89,63.04
KODEX코스닥150,0.7,3.0,2.5,0.5,24.49,68.9,45,10.1,1.54,0.75,53.62
삼성전자,0.7,3.0,2.5,0.5,63.51,68.5,73,14.57,1.82,1.2,53.63
KODEX200,0.7,3.0,2.5,1.0,65.52,76.9,65,9.17,2.37,1.66,60.49
KODEX코스닥150,0.7,3.0,2.5,1.0,23.67,69.0,42,8.89,1.55,0.73,54.72
삼성전자,0.7,3.0,2.5,1.0,52.28,66.7,72,16.03,1.69,1.05,50.48
KODEX200,0.7,3.0,2.5,1.5,68.49,76.6,64,9.17,2.43,1.7,61.0
KODEX코스닥150,0.7,3.0,2.5,1.5,22.53,69.0,42,8.89,1.53,0.7,54.54
삼성전자,0.7,3.0,2.5,1.5,47.78,67.1,70,16.24,1.66,1.02,49.88
KODEX200,0.7,3.0,3.0,0.5,78.3,76.9,65,9.16,2.63,1.83,62.54
KODEX코스닥150,0.7,3.0,3.0,0.5,29.64,70.5,44,9.15,1.67,0.88,55.58
삼성전자,0.7,3.0,3.0,0.5,68.77,69.0,71,14.84,1.92,1.29,54.57
KODEX200,0.7,3.0,3.0,1.0,66.86,76.2,63,9.24,2.38,1.65,60.71
KODEX코스닥150,0.7,3.0,3.0,1.0,24.69,69.0,42,8.92,1.57,0.76,54.86
삼성전자,0.7,3.0,3.0,1.0,60.52,67.1,70,16.2,1.79,1.15,51.95
KODEX200,0.7,3.0,3.0,1.5,69.2,75.8,62,9.24,2.42,1.68,61.1
KODEX코스닥150,0.7,3.0,3.0,1.5,23.6,69.0,42,8.92,1.55,0.73,54.69
삼성전자,0.7,3.0,3.0,1.5,61.44,68.7,67,16.41,1.88,1.22,52.56
KODEX200,1.0,1.5,2.0,0.5,67.37,83.0,53,3.87,4.74,2.31,67.18
KODEX코스닥150,1.0,1.5,2.0,0.5,30.69,71.0,31,5.3,3.04,1.13,60.04
삼성전자,1.0,1.5,2.0,0.5,70.97,61.4,83,7.8,2.18,1.44,57.49
KODEX200,1.0,1.5,2.0,1.0,55.4,82.4,51,3.91,4.15,2.08,65.31
KODEX코스닥150,1.0,1.5,2.0,1.0,31.58,73.3,30,5.3,3.31,1.16,60.74
삼성전자,1.0,1.5,2.0,1.0,61.19,58.0,81,8.54,2.02,1.27,54.89
KODEX200,1.0,1.5,2.0,1.5,59.27,82.0,50,3.86,4.37,2.17,65.99
KODEX코스닥150,1.0,1.5,2.0,1.5,30.28,73.3,30,5.3,3.22,1.12,60.53
삼성전자,1.0,1.5,2.0,1.5,54.98,57.7,78,9.27,1.98,1.23,53.58
KODEX200,1.0,1.5,2.5,0.5,50.21,76.1,46,4.28,3.34,1.81,63.44
KODEX코스닥150,1.0,1.5,2.5,0.5,39.8,71.0,31,7.04,3.6,1.19,60.19
삼성전자,1.0,1.5,2.5,0.5,79.66,60.0,75,7.82,2.35,1.54,59.38
KODEX200,1.0,1.5,2.5,1.0,49.16,76.1,46,4.24,3.29,1.77,63.31
KODEX코스닥150,1.0,1.5,2.5,1.0,40.68,73.3,30,7.38,3.92,1.21,60.63
삼성전자,1.0,1.5,2.5,1.0,71.99,58.1,74,8.15,2.21,1.43,57.63
KODEX200,1.0,1.5,2.5,1.5,52.99,75.6,45,4.24,3.47,1.86,63.92
KODEX코스닥150,1.0,1.5,2.5,1.5,39.68,73.3,30,7.8,3.86,1.19,60.16
삼성전자,1.0,1.5,2.5,1.5,63.62,58.3,72,8.15,2.13,1.36,56.53
KODEX200,1.0,1.5,3.0,0.5,55.08,73.3,45,6.35,3.32,1.84,62.21
KODEX코스닥150,1.0,1.5,3.0,0.5,34.76,63.3,30,7.23,2.99,1.03,57.8
삼성전자,1.0,1.5,3.0,0.5,82.34,59.5,74,7.82,2.38,1.57,59.81
KODEX200,1.0,1.5,3.0,1.0,54.05,73.3,45,6.31,3.29,1.81,62.08
KODEX코스닥150,1.0,1.5,3.0,1.0,36.4,65.5,29,7.38,3.25,1.07,58.49
삼성전자,1.0,1.5,3.0,1.0,77.2,57.5,73,8.15,2.27,1.47,58.44
KODEX200,1.0,1.5,3.0,1.5,58.5,72.7,44,6.31,3.48,1.91,62.77
KODEX코스닥150,1.0,1.5,3.0,1.5,35.06,65.5,29,7.81,3.17,1.04,57.95
삼성전자,1.0,1.5,3.0,1.5,72.11,58.6,70,8.15,2.28,1.49,58.15
KODEX200,1.0,2.0,2.0,0.5,67.81,85.2,54,4.77,4.18,2.24,66.91
KODEX코스닥150,1.0,2.0,2.0,0.5,37.11,77.4,31,5.14,3.25,1.29,62.46
삼성전자,1.0,2.0,2.0,0.5,76.17,67.5,83,11.35,2.2,1.48,56.87
KODEX200,1.0,2.0,2.0,1.0,58.46,84.6,52,4.74,3.81,2.09,65.52
KODEX코스닥150,1.0,2.0,2.0,1.0,36.96,80.0,30,5.14,3.56,1.29,63.06
삼성전자,1.0,2.0,2.0,1.0,62.08,64.2,81,13.64,1.97,1.26,52.44
KODEX200,1.0,2.0,2.0,1.5,62.49,84.3,51,4.83,3.98,2.18,66.14
KODEX코스닥150,1.0,2.0,2.0,1.5,35.86,80.0,30,5.14,3.48,1.25,62.88
삼성전자,1.0,2.0,2.0,1.5,57.4,64.1,78,14.25,1.95,1.24,51.52
KODEX200,1.0,2.0,2.5,0.5,47.51,78.3,46,5.15,2.82,1.66,62.8
KODEX코스닥150,1.0,2.0,2.5,0.5,46.5,77.4,31,7.1,3.76,1.34,62.5
삼성전자,1.0,2.0,2.5,0.5,79.23,65.3,75,10.66,2.25,1.52,58.24
KODEX200,1.0,2.0,2.5,1.0,48.88,78.3,46,5.26,2.86,1.7,62.94
KODEX코스닥150,1.0,2.0,2.5,1.0,46.56,80.0,30,7.37,4.15,1.34,62.92
삼성전자,1.0,2.0,2.5,1.0,66.59,63.5,74,11.87,2.03,1.33,55.05
KODEX200,1.0,2.0,2.5,1.5,52.51,77.8,45,5.26,2.99,1.78,63.52
KODEX코스닥150,1.0,2.0,2.5,1.5,45.46,80.0,30,7.8,4.09,1.31,62.42
삼성전자,1.0,2.0,2.5,1.5,60.09,63.9,72,12.1,1.99,1.29,54.12
KODEX200,1.0,2.0,3.0,0.5,51.61,75.6,45,7.39,2.81,1.69,61.34
KODEX코스닥150,1.0,2.0,3.0,0.5,46.2,74.2,31,7.11,3.54,1.32,61.8
삼성전자,1.0,2.0,3.0,0.5,73.1,63.0,73,10.91,2.14,1.43,56.81
KODEX200,1.0,2.0,3.0,1.0,53.53,75.6,45,7.43,2.84,1.72,61.61
KODEX코스닥150,1.0,2.0,3.0,1.0,46.7,76.7,30,7.37,3.89,1.33,62.28
삼성전자,1.0,2.0,3.0,1.0,65.04,61.1,72,11.82,1.99,1.29,54.56
KODEX200,1.0,2.0,3.0,1.5,57.97,75.0,44,7.43,2.99,1.82,62.3
KODEX코스닥150,1.0,2.0,3.0,1.5,45.62,76.7,30,7.89,3.83,1.3,61.72
삼성전자,1.0,2.0,3.0,1.5,64.29,62.3,69,12.04,2.06,1.33,54.82
KODEX200,1.0,2.5,2.0,0.5,67.14,86.8,53,5.68,3.95,2.21,66.54
KODEX코스닥150,1.0,2.5,2.0,0.5,39.63,81.2,32,6.11,3.35,1.32,62.8
삼성전자,1.0,2.5,2.0,0.5,56.81,67.1,85,15.51,1.75,1.15,50.38
KODEX200,1.0,2.5,2.0,1.0,58.45,86.3,51,5.81,3.61,2.07,65.15
KODEX코스닥150,1.0,2.5,2.0,1.0,40.35,83.9,31,6.11,3.81,1.36,63.55
삼성전자,1.0,2.5,2.0,1.0,43.44,63.9,83,17.6,1.57,0.94,46.23
KODEX200,1.0,2.5,2.0,1.5,62.22,86.0,50,5.87,3.75,2.14,65.75
KODEX코스닥150,1.0,2.5,2.0,1.5,39.17,83.9,31,6.11,3.73,1.32,63.36
삼성전자,1.0,2.5,2.0,1.5,39.43,63.7,80,18.16,1.55,0.9,45.43
KODEX200,1.0,2.5,2.5,0.5,64.09,84.8,46,5.78,3.6,2.04,66.28
KODEX코스닥150,1.0,2.5,2.5,0.5,49.05,81.2,32,7.14,3.86,1.39,63.53
삼성전자,1.0,2.5,2.5,0.5,58.22,64.9,77,14.54,1.76,1.17,51.69
KODEX200,1.0,2.5,2.5,1.0,61.03,84.4,45,5.85,3.45,2.01,65.76
KODEX코스닥150,1.0,2.5,2.5,1.0,49.89,83.9,31,7.38,4.4,1.42,64.13
삼성전자,1.0,2.5,2.5,1.0,46.42,63.2,76,16.07,1.61,0.99,48.41
KODEX200,1.0,2.5,2.5,1.5,65.4,84.1,44,5.76,3.63,2.1,66.56
KODEX코스닥150,1.0,2.5,2.5,1.5,48.72,83.9,31,7.81,4.33,1.39,63.62
삼성전자,1.0,2.5,2.5,1.5,44.2,63.5,74,16.28,1.61,0.98,48.16
KODEX200,1.0,2.5,3.0,0.5,56.59,79.5,44,7.98,2.98,1.72,62.57
KODEX코스닥150,1.0,2.5,3.0,0.5,48.61,78.1,32,7.06,3.58,1.36,62.9
삼성전자,1.0,2.5,3.0,0.5,60.31,64.4,73,15.14,1.84,1.21,51.87
KODEX200,1.0,2.5,3.0,1.0,51.7,79.1,43,7.91,2.8,1.64,61.86
KODEX코스닥150,1.0,2.5,3.0,1.0,49.78,80.6,31,7.39,4.06,1.39,63.44
삼성전자,1.0,2.5,3.0,1.0,55.56,62.5,72,16.61,1.78,1.12,49.73
KODEX200,1.0,2.5,3.0,1.5,55.53,78.6,42,7.91,2.93,1.72,62.47
KODEX코스닥150,1.0,2.5,3.0,1.5,48.67,80.6,31,7.82,4.0,1.37,62.94
삼성전자,1.0,2.5,3.0,1.5,53.39,63.8,69,16.82,1.8,1.13,49.79
KODEX200,1.0,3.0,2.0,0.5,64.22,86.8,53,6.66,3.56,2.11,65.34
KODEX코스닥150,1.0,3.0,2.0,0.5,35.94,81.2,32,7.09,2.83,1.17,61.47
삼성전자,1.0,3.0,2.0,0.5,57.79,70.4,81,15.0,1.76,1.13,51.98
KODEX200,1.0,3.0,2.0,1.0,56.25,86.3,51,6.58,3.3,1.98,64.23
KODEX코스닥150,1.0,3.0,2.0,1.0,37.24,83.9,31,7.09,3.23,1.23,62.32
삼성전자,1.0,3.0,2.0,1.0,46.09,67.1,79,16.73,1.61,0.95,48.35
KODEX200,1.0,3.0,2.0,1.5,60.18,86.0,50,6.7,3.44,2.07,64.8
KODEX코스닥150,1.0,3.0,2.0,1.5,35.94,83.9,31,7.09,3.16,1.19,62.11
삼성전자,1.0,3.0,2.0,1.5,36.67,66.2,77,17.12,1.49,0.82,46.57
KODEX200,1.0,3.0,2.5,0.5,67.74,87.0,46,6.74,3.9,2.12,66.58
KODEX코스닥150,1.0,3.0,2.5,0.5,45.22,81.2,32,7.09,3.26,1.27,62.96
삼성전자,1.0,3.0,2.5,0.5,63.51,68.5,73,14.57,1.82,1.2,53.63
KODEX200,1.0,3.0,2.5,1.0,65.19,86.7,45,6.6,3.79,2.1,66.32
KODEX코스닥150,1.0,3.0,2.5,1.0,46.59,83.9,31,7.4,3.73,1.32,63.58
삼성전자,1.0,3.0,2.5,1.0,52.28,66.7,72,16.03,1.69,1.05,50.48
KODEX200,1.0,3.0,2.5,1.5,69.16,86.4,44,6.71,3.92,2.18,66.91
KODEX코스닥150,1.0,3.0,2.5,1.5,45.54,83.9,31,7.82,3.68,1.3,63.1
삼성전자,1.0,3.0,2.5,1.5,47.78,67.1,70,16.24,1.66,1.02,49.88
KODEX200,1.0,3.0,3.0,0.5,59.78,81.8,44,7.98,3.19,1.79,63.54
KODEX코스닥150,1.0,3.0,3.0,0.5,44.06,78.1,32,7.09,3.02,1.23,62.15
삼성전자,1.0,3.0,3.0,0.5,68.77,69.0,71,14.84,1.92,1.29,54.57
KODEX200,1.0,3.0,3.0,1.0,54.68,81.4,43,7.91,3.01,1.71,62.8
KODEX코스닥150,1.0,3.0,3.0,1.0,46.04,80.6,31,7.33,3.43,1.29,62.89
삼성전자,1.0,3.0,3.0,1.0,60.52,67.1,70,16.2,1.79,1.15,51.95
KODEX200,1.0,3.0,3.0,1.5,59.2,81.0,42,7.91,3.15,1.8,63.54
KODEX코스닥150,1.0,3.0,3.0,1.5,44.77,80.6,31,7.86,3.36,1.26,62.29
삼성전자,1.0,3.0,3.0,1.5,61.44,68.7,67,16.41,1.88,1.22,52.56
